,Predictions
0,0.8327285471497016
1,0.6880705033341513
2,0.11409148508956857
3,0.6559971557340117
4,0.2742006712632673
5,0.45415093313706545
6,0.35323040945968764
7,0.937414580984073
8,0.049328923229422283
9,0.8729736218609558
10,0.08663357698286689
11,0.8695169292502115
12,0.7610368532266251
13,0.7558763849386652
14,0.8337127842916637
15,0.5192761677817448
16,0.021208770072895677
17,0.854298588927213
18,0.5238299085969018
19,0.9001655461831085
20,0.30035876456942456
21,0.46606513309071484
22,0.33934524025062573
23,0.057348209954519724
24,0.608359120862754
25,0.8202206307575117
26,0.9660967389759089
27,0.41642690107453395
28,0.48524987314010604
29,0.7698346743430012
30,0.47707301434298577
31,0.2751686520776565
32,0.42773476831943924
33,0.053988768330475057
34,0.5371317602659323
35,0.10644783091729626
36,0.039478308951350294
37,0.9279247162916935
38,0.6147776870603139
39,0.5654506812971632
40,0.2635097402361507
41,0.606839602459113
42,0.26220525452307597
43,0.35879285392001303
44,0.9830325982593612
45,0.9613181839817292
46,0.21088325698556454
47,0.08779295513234142
48,0.1259707379850502
49,0.7419238594235957
50,0.3421332783943628
51,0.2632673966722773
52,0.044177537863526295
53,0.03395243652727031
54,0.9307826775614766
55,0.9674983240390903
56,0.4292238583222554
57,0.3117475853657189
58,0.18232956271395362
59,0.5005222163120266
60,0.06587542188553797
61,0.9332203953067917
62,0.725700163370528
63,0.657707671884046
64,0.25607237271278027
65,0.682804817598732
66,0.3559186963275024
67,0.6946770976141371
68,0.6661835226973586
69,0.4808775424608117
70,0.4985726316838409
71,0.4175623514859038
72,0.5981968327846128
73,0.35056669862236167
74,0.8499118775602128
75,0.2761664093107752
76,0.7794446220048687
77,0.5465306643014003
78,0.17285114428755566
79,0.18162388015377506
80,0.6462565428559598
81,0.1513373597017822
82,0.44940970398553526
83,0.3217023909109028
84,0.9459266348947177
85,0.8454214032313438
86,0.8658491060403338
87,0.6987141478217461
88,0.14037896445217657
89,0.5390148592906963
90,0.39912574240948495
91,0.3413972032484097
92,0.3398327480613007
93,0.8126742599553702
94,0.030351243522383275
95,0.5015949378606754
96,0.8377649836751372
97,0.35939913105883303
98,0.9736818971666518
99,0.11503858595636751
100,0.14083118091867242
101,0.6722875592555051
102,0.8131167004859142
103,0.8587449888385733
104,0.34190695311521524
105,0.5181223366039666
106,0.9706649917334511
107,0.16867596492251458
108,0.013672707131049289
109,0.5286612495053563
110,0.5675394987739604
111,0.1157414057522359
112,0.017341046588827513
113,0.18913566632654544
114,0.256404119300485
115,0.09763314396877676
116,0.5776298388390151
117,0.316384367108404
118,0.2910680261957249
119,0.279789073293901
120,0.9829561452867744
121,0.6202436655291929
122,0.7722703803299386
123,0.8343597320962259
124,0.8094924194502728
125,0.7846321255902456
126,0.6716455209148052
127,0.7224697874476006
128,0.3844529813150388
129,0.01025307022831834
130,0.45927064768654347
131,0.628246886657483
132,0.5304852636146594
133,0.47165907206133173
134,0.6160607573009199
135,0.2970273051553872
136,0.9251093902903085
137,0.4657131797986356
138,0.5885482777067731
139,0.5509053623693156
140,0.3710273540175246
141,0.9508300849978769
142,0.4753164413860961
143,0.24876532912519977
144,0.9836687375559965
145,0.5110243024527578
146,0.1271252878127358
147,0.861934963482877
148,0.9806178110293243
149,0.9625866655845645
150,0.1894506211268684
151,0.04129262146508572
152,0.4991862938677234
153,0.803633799250838
154,0.1421579237236713
155,0.21399209137858066
156,0.27611589240476475
157,0.3737257033899314
158,0.8891942602134185
159,0.2833688747871572
160,0.22392701694441375
161,0.1341275984304584
162,0.478126301968819
163,0.809765133102884
164,0.35823994707634743
165,0.7918268767360201
166,0.39763953983087763
167,0.6897560011234839
168,0.0431066195996449
169,0.4765996158520389
170,0.16122101814802936
171,0.993197710481868
172,0.1603931153656747
173,0.6282877105297049
174,0.4988037943769842
175,0.5728261135604396
176,0.8825914891063328
177,0.8147869735973016
178,0.9176963054590866
179,0.9172896817884568
180,0.5296925941899782
181,0.1332557695196418
182,0.939197680050192
183,0.8591920575849304
184,0.8432308048227183
185,0.6080282229136728
186,0.4423355571848435
187,0.9046558345198151
188,0.16606673057221255
189,0.03615298173446457
190,0.5254876037965948
191,0.0020899990125792245
192,0.1970259786749584
193,0.49654316280741917
194,0.017971815131947455
195,0.5042565461686993
196,0.6622503051939006
197,0.08550293685469679
198,0.8229921180123586
199,0.650144269231804
200,0.4834767470856419
201,0.15778513687652596
202,0.4318868691411437
203,0.24658358740673814
204,0.7726315840873759
205,0.16764302792538666
206,0.7252410765487876
207,0.6272260878279886
208,0.7263393190535853
209,0.5853354718025573
210,0.33240415037063076
211,0.5413627850604485
212,0.45736762725772606
213,0.19323871697877915
214,0.7244886506419018
215,0.9322264862526908
216,0.9646865847683821
217,0.7201727723918236
218,0.4307031801091744
219,0.301013453290529
220,0.06031759687049998
221,0.8235681075942147
222,0.6349286904377124
223,0.640666551087416
224,0.5296898095805267
225,0.33976359699430736
226,0.4886686378545484
227,0.31138172376824
228,0.14092009907892078
229,0.224981216985639
230,0.20301138618715342
231,0.9336664839628216
232,0.30675485429530047
233,0.5082249615299481
234,0.033226563989947944
235,0.364244863460084
236,0.8798549704162542
237,0.8172490680677141
238,0.032014364202507806
239,0.40046736105964065
240,0.8300210655195279
241,0.8192364416009487
242,0.6636490181368223
243,0.5530950712624708
244,0.1304595164855613
245,0.7233175111095362
246,0.7125653351283302
247,0.35101658094035104
248,0.11424759069170787
249,0.36408363249200326
250,0.46482980933393714
251,0.17351894078773056
252,0.28281651273305164
253,0.45924492662307204
254,0.36188622902481404
255,0.6294328673823635
256,0.6831411065888489
257,0.03807826212291665
258,0.6177655886303134
259,0.8985815638839322
260,0.33779833475522436
261,0.7603492006382877
262,0.24305264724749376
263,0.3845533338464362
264,0.05194185211722946
265,0.7285787924526737
266,0.8841133236102612
267,0.37889093521268435
268,0.4955258780826951
269,0.8454133716764929
270,0.0066149374626960356
271,0.8399512703710915
272,0.4499512545555435
273,0.3842656476553715
274,0.9793059933719542
275,0.38803116755070455
276,0.020367070288977995
277,0.7492344837201061
278,0.3628349089228321
279,0.8004825833550061
280,0.6709423989964949
281,0.4756810204945585
282,0.37218113828185306
283,0.14639027022744
284,0.7788829629069158
285,0.8364421560642337
286,0.375268942424962
287,0.1559077671537238
288,0.40428511583210613
289,0.6886096820106226
290,0.20643790033072074
291,0.9393151705299189
292,0.7344078400457423
293,0.3692115749913961
294,0.6680024727186462
295,0.36363919731096395
296,0.1847425039825772
297,0.4411318153344167
298,0.9548059180806759
299,0.2344272145816364
300,0.34351084931523135
301,0.7414450769732019
302,0.14844370338759683
303,0.022973915824315738
304,0.36481699632279285
305,0.02566109684237705
306,0.7896233067022156
307,0.079176694139099
308,0.8339342148450324
309,0.16591905838809418
310,0.9623209511158327
311,0.2709691878397863
312,0.463017515845328
313,0.6072995964730596
314,0.03558849565398592
315,0.7544169090046777
316,0.24229028664913121
317,0.4751247082713703
318,0.7244569417747503
319,0.9390481154997918
320,0.4811183175582501
321,0.723586469917544
322,0.9036438863628568
323,0.7782714264809867
324,0.42908957960832816
325,0.7098913320213451
326,0.4973848697370634
327,0.8025582425294118
328,0.07983336253519746
329,0.05559395483835938
330,0.7697081522985972
331,0.5176332765635898
332,0.20741563700912813
333,0.32596752506583826
334,0.17015855084588194
335,0.9007601303230839
336,0.9347180973250543
337,0.3540555921692611
338,0.6854436690184446
339,0.2677960988262582
340,0.8166538940982817
341,0.5963000967213392
342,0.10936456076671186
343,0.4217141660355974
344,0.2942268847684699
345,0.19809120815484982
346,0.8265080673832014
347,0.02001418131793431
348,0.35347183778278235
349,0.5761124856614648
350,0.2452750142207889
351,0.3590749683880995
352,0.10077460573412445
353,0.5967864931270265
354,0.4070556981170287
355,0.6651965526918029
356,0.2577109072370254
357,0.019527750829879564
358,0.6140621473844317
359,0.31963426935729733
360,0.16145399845672626
361,0.19054025386529594
362,0.7889632298427531
363,0.8975768054803347
364,0.17926370523943247
365,0.29746848508113755
366,0.06674271512206975
367,0.7440868113457677
368,0.8940354079018745
369,0.83151914219384
370,0.2973071235023965
371,0.3175060734596754
372,0.12321946760298408
373,0.069623847974151
374,0.13290061821321364
375,0.2784810812556645
376,0.8360050640658218
377,0.7027652675545007
378,0.7621101749328685
379,0.6618612367760512
380,0.11063532458880421
381,0.04681872786880359
382,0.4663400410017706
383,0.9328722655748679
384,0.7929388255992353
385,0.2373191149174143
386,0.4030015343081855
387,0.6896283440514145
388,0.8456642653496788
389,0.4345373849341405
390,0.7511980251402408
391,0.08283482261913089
392,0.8709357834948523
393,0.6438232789576914
394,0.9049627764091728
395,0.3152003352064675
396,0.7738976945009574
397,0.6290226966010521
398,0.4955336384527276
399,0.939748271185138
400,0.6401451061050103
401,0.6073798241234282
402,0.5918889712717221
403,0.7812004332170771
404,0.734137104754158
405,0.29365710351822927
406,0.8758811659333514
407,0.3660433998648608
408,0.6781345937303198
409,0.6653636769787439
410,0.712923221816184
411,0.22437057012802386
412,0.6756233270833499
413,0.49535966313267144
414,0.1804599194292601
415,0.00503323298531666
416,0.5517988713910317
417,0.01723474079956644
418,0.08739176032953344
419,0.756487637226504
420,0.47134485941705995
421,0.26840589177917806
422,0.7710551874293582
423,0.564340674774504
424,0.657313740055789
425,0.8725604730999355
426,0.7639219041337733
427,0.4076326476084289
428,0.1434685224450971
429,0.1405763108103455
430,0.14080764179855376
431,0.22551584526784396
432,0.4350198003920003
433,0.6375678842302744
434,0.5693231494960344
435,0.3980710092758467
436,0.24416113909057502
437,0.4535392700231604
438,0.5321212069491171
439,0.932165150371292
440,0.49041117351668584
441,0.47909242254924267
442,0.630952972194044
443,0.8739478050124909
444,0.315326733854025
445,0.5013576793025469
446,0.7648936409711254
447,0.1640035511666107
448,0.01976229382775485
449,0.6329491572121132
450,0.22351189127757953
451,0.07043342987488022
452,0.39609921575308304
453,0.40204038749333715
454,0.8088157479041354
455,0.33358351356428784
456,0.24334268932361247
457,0.20366078423842726
458,0.6084225104233252
459,0.6273904271131184
460,0.09191866508717883
461,0.012170769146532923
462,0.8728663928076905
463,0.5623234051523328
464,0.7267545686666893
465,0.3965662706217392
466,0.789568175605068
467,0.13760461090771092
468,0.29987961988408296
469,0.7876576359576242
470,0.6528696387457894
471,0.8415095417857549
472,0.822309218299877
473,0.5810682303565243
474,0.8353354647194001
475,0.37272058127047014
476,0.4013182352142427
477,0.4825564089742769
478,0.4699205598329149
479,0.5440962216708656
480,0.1464953878790286
481,0.05226436614997887
482,0.5248265739787815
483,0.10018707868756749
484,0.17507275056648242
485,0.1893334836999877
486,0.18876995041741285
487,0.9937181586232302
488,0.6935871121005651
489,0.019838545663357854
490,0.7449862791952762
491,0.0224081411105862
492,0.3194159718967684
493,0.6204820748023208
494,0.10980827395094006
495,0.20030927695449907
496,0.7578658379194767
497,0.23500687613124627
498,0.015774947040837928
499,0.1797069489284775
500,0.1218962126413311
501,0.21325082276900886
502,0.5197939628654528
503,0.41149525827754074
504,0.411420225739796
505,0.2993886753850381
506,0.27239281232366297
507,0.13221306133007427
508,0.22745705388568238
509,0.8554246416524449
510,0.6965118225144896
511,0.4102906249668584
512,0.37717110765728035
513,0.7490705510454553
514,0.2705034056934408
515,0.9413096040955263
516,0.9884931143977588
517,0.47663410773124604
518,0.6933376025229633
519,0.7931863793387004
520,0.3477503309352704
521,0.1981085405866978
522,0.8808863094025093
523,0.8524064734823399
524,0.8894835547452189
525,0.1518627464517157
526,0.7934295799421845
527,0.6450081137376701
528,0.2365597631060945
529,0.02478730363164161
530,0.06216457513801421
531,0.9325843040859186
532,0.8571432731683372
533,0.15445746832266338
534,0.2476911651493232
535,0.7827655250568699
536,0.08162577832412055
537,0.4607734738908913
538,0.14834864065620745
539,0.5182712337544466
540,0.9118956375108966
541,0.3710167486632876
542,0.720090992944979
543,0.3382490437342345
544,0.7858097115819566
545,0.6853519308842565
546,0.2852420151830708
547,0.8049981610021191
548,0.2510257307998578
549,0.4734218362053745
550,0.1885382187146648
551,0.24909549850944723
552,0.07226887561601558
553,0.6232647688715219
554,0.696374464744967
555,0.03030507021575768
556,0.3206068432160357
557,0.22354000784222194
558,0.9829005905010298
559,0.03113519293311906
560,0.7106840528979019
561,0.5816117348832894
562,0.5452098930889618
563,0.48514008498173034
564,0.09977876814395947
565,0.8071992492220489
566,0.2517117573084776
567,0.30768740068431877
568,0.6329121153167314
569,0.5285968929571349
570,0.7460987849011683
571,0.3697696754713038
572,0.49953127873887493
573,0.8762286877805531
574,0.3330802544822651
575,0.5787978980139552
576,0.20274296585935492
577,0.2497594965628821
578,0.5287838076711459
579,0.34620821220411857
580,0.8625274410223208
581,0.17494035867273172
582,0.20353834206499277
583,0.025267055878313016
584,0.7070382577534086
585,0.8825465247216517
586,0.08423708928989804
587,0.9011154547434278
588,0.9939152399081026
589,0.7713160605867948
590,0.15057668003762192
591,0.7597802487747037
592,0.035387253234204
593,0.38142206615984375
594,0.04895811580158349
595,0.6072025214186306
596,0.982672962547886
597,0.8854926011089677
598,0.42780087528973365
599,0.3922510199902225
600,0.63989740166957
601,0.8053846994067428
602,0.72304768339337
603,0.6689909651334841
604,0.02731812673258216
605,0.7881288126837477
606,0.5824169596319916
607,0.2377615112257483
608,0.9245055533414309
609,0.4156572793995421
610,0.5958663199110454
611,0.009691764651156731
612,0.23668352458267905
613,0.8276038289057182
614,0.9946257956404669
615,0.8375420619553702
616,0.8464884951153997
617,0.3981838717650721
618,0.07322368841306115
619,0.833183378692604
620,0.7769995740782151
621,0.15425051059041928
622,0.7626381189534507
623,0.4948233350230734
624,0.15463677859359692
